{
	"format_version": "1.21.6",
	"credit": "Made with Blockbench",
	"texture_size": [32, 32],
	"textures": {
		"0": "enderscape:item/shield_outline",
		"particle": "enderscape:item/shield_outline"
	},
	"elements": [
		{
			"name": "Handle_outline",
			"from": [9.2, 10.2, 8.2],
			"to": [6.8, 3.8, 1.8],
			"rotation": {"angle": 0, "axis": "y", "origin": [8, 7, 5]},
			"faces": {
				"north": {"uv": [8, 8, 9, 11], "texture": "#0"},
				"east": {"uv": [6, 0, 9, 3], "texture": "#0"},
				"south": {"uv": [9, 0, 10, 3], "texture": "#0"},
				"west": {"uv": [6, 3, 9, 6], "texture": "#0"},
				"up": {"uv": [10, 6, 9, 3], "texture": "#0"},
				"down": {"uv": [10, 8, 9, 11], "texture": "#0"}
			}
		},
		{
			"name": "Shield_outline",
			"from": [14.2, 13.2, 10.2],
			"to": [1.8, 0.8, 7.8],
			"rotation": {"angle": 0, "axis": "y", "origin": [8, 7, 9]},
			"faces": {
				"north": {"uv": [0, 0, 6, 6], "texture": "#0"},
				"east": {"uv": [6, 6, 7, 12], "texture": "#0"},
				"south": {"uv": [0, 6, 6, 12], "texture": "#0"},
				"west": {"uv": [7, 6, 8, 12], "texture": "#0"},
				"up": {"uv": [14, 7, 8, 6], "texture": "#0"},
				"down": {"uv": [14, 7, 8, 8], "texture": "#0"}
			}
		}
	],
	"display": {
		"thirdperson_righthand": {
			"rotation": [0, 90, 0],
			"translation": [3.25, -1, 4]
		},
		"thirdperson_lefthand": {
			"rotation": [0, 90, 0],
			"translation": [3.25, -1, 4]
		},
		"firstperson_righthand": {
			"rotation": [0, 172, 5],
			"translation": [-0.25, -0.25, 0],
			"scale": [0.9, 0.9, 0.9]
		},
		"firstperson_lefthand": {
			"rotation": [0, 172, 5],
			"translation": [-0.25, -0.25, 0],
			"scale": [0.9, 0.9, 0.9]
		},
		"ground": {
			"translation": [0, -0.25, 0],
			"scale": [0.25, 0.25, 0.25]
		},
		"gui": {
			"rotation": [0, -32, -12],
			"translation": [0.75, 0.75, 0],
			"scale": [0.85, 0.85, 0.85]
		},
		"head": {
			"rotation": [0, -180, 0],
			"translation": [0, 1, -6.5]
		},
		"fixed": {
			"rotation": [0, -180, 0],
			"translation": [0, 1.5, 0],
			"scale": [0.8, 0.8, 0.8]
		}
	}
}