{
	"format_version": "1.21.6",
	"credit": "Made with Blockbench",
	"texture_size": [32, 32],
	"textures": {
		"1": "enderscape:item/magnia_outline",
		"2": "enderscape:item/e_magnia_attractor_active",
		"particle": "enderscape:item/e_magnia_attractor_active"
	},
	"elements": [
		{
			"name": "e_magnia_attractor_0",
			"from": [7, 10, 7.5],
			"to": [9, 16, 8.5],
			"rotation": {"angle": 0, "axis": "y", "origin": [0, 0, 7.5]},
			"faces": {
				"north": {"uv": [9, 0, 7, 6], "texture": "#2"},
				"east": {"uv": [8, 0, 9, 6], "texture": "#2"},
				"south": {"uv": [7, 0, 9, 6], "texture": "#2"},
				"west": {"uv": [7, 0, 8, 6], "texture": "#2"},
				"up": {"uv": [7, 0, 9, 1], "texture": "#2"},
				"down": {"uv": [7, 5, 9, 6], "texture": "#2"}
			}
		},
		{
			"name": "e_magnia_attractor_1",
			"from": [6, 11, 7.5],
			"to": [7, 15, 8.5],
			"rotation": {"angle": 0, "axis": "y", "origin": [0, 0, 7.5]},
			"faces": {
				"north": {"uv": [7, 1, 6, 5], "texture": "#2"},
				"east": {"uv": [6, 1, 7, 5], "texture": "#2"},
				"south": {"uv": [6, 1, 7, 5], "texture": "#2"},
				"west": {"uv": [6, 1, 7, 5], "texture": "#2"},
				"up": {"uv": [6, 1, 7, 2], "texture": "#2"},
				"down": {"uv": [6, 4, 7, 5], "texture": "#2"}
			}
		},
		{
			"name": "e_magnia_attractor_2",
			"from": [9, 11, 7.5],
			"to": [10, 15, 8.5],
			"rotation": {"angle": 0, "axis": "y", "origin": [0, 0, 7.5]},
			"faces": {
				"north": {"uv": [10, 1, 9, 5], "texture": "#2"},
				"east": {"uv": [9, 1, 10, 5], "texture": "#2"},
				"south": {"uv": [9, 1, 10, 5], "texture": "#2"},
				"west": {"uv": [9, 1, 10, 5], "texture": "#2"},
				"up": {"uv": [9, 1, 10, 2], "texture": "#2"},
				"down": {"uv": [9, 4, 10, 5], "texture": "#2"}
			}
		},
		{
			"name": "e_magnia_attractor_3",
			"from": [5, 10, 7.5],
			"to": [6, 14, 8.5],
			"rotation": {"angle": 0, "axis": "y", "origin": [0, 0, 7.5]},
			"faces": {
				"north": {"uv": [6, 2, 5, 6], "texture": "#2"},
				"east": {"uv": [5, 2, 6, 6], "texture": "#2"},
				"south": {"uv": [5, 2, 6, 6], "texture": "#2"},
				"west": {"uv": [5, 2, 6, 6], "texture": "#2"},
				"up": {"uv": [5, 2, 6, 3], "texture": "#2"},
				"down": {"uv": [5, 5, 6, 6], "texture": "#2"}
			}
		},
		{
			"name": "e_magnia_attractor_4",
			"from": [10, 12, 7.5],
			"to": [11, 14, 8.5],
			"rotation": {"angle": 0, "axis": "y", "origin": [0, 0, 7.5]},
			"faces": {
				"north": {"uv": [11, 2, 10, 4], "texture": "#2"},
				"east": {"uv": [10, 2, 11, 4], "texture": "#2"},
				"south": {"uv": [10, 2, 11, 4], "texture": "#2"},
				"west": {"uv": [10, 2, 11, 4], "texture": "#2"},
				"up": {"uv": [10, 2, 11, 3], "texture": "#2"},
				"down": {"uv": [10, 3, 11, 4], "texture": "#2"}
			}
		},
		{
			"name": "e_magnia_attractor_5",
			"from": [4, 3, 7.5],
			"to": [5, 13, 8.5],
			"rotation": {"angle": 0, "axis": "y", "origin": [0, 0, 7.5]},
			"faces": {
				"north": {"uv": [5, 3, 4, 13], "texture": "#2"},
				"east": {"uv": [4, 3, 5, 13], "texture": "#2"},
				"south": {"uv": [4, 3, 5, 13], "texture": "#2"},
				"west": {"uv": [4, 3, 5, 13], "texture": "#2"},
				"up": {"uv": [4, 3, 5, 4], "texture": "#2"},
				"down": {"uv": [4, 12, 5, 13], "texture": "#2"}
			}
		},
		{
			"name": "e_magnia_attractor_6",
			"from": [3, 6, 7.5],
			"to": [4, 12, 8.5],
			"rotation": {"angle": 0, "axis": "y", "origin": [0, 0, 7.5]},
			"faces": {
				"north": {"uv": [4, 4, 3, 10], "texture": "#2"},
				"east": {"uv": [3, 4, 4, 10], "texture": "#2"},
				"south": {"uv": [3, 4, 4, 10], "texture": "#2"},
				"west": {"uv": [3, 4, 4, 10], "texture": "#2"},
				"up": {"uv": [3, 4, 4, 5], "texture": "#2"},
				"down": {"uv": [3, 9, 4, 10], "texture": "#2"}
			}
		},
		{
			"name": "e_magnia_attractor_7",
			"from": [2, 7, 7.5],
			"to": [3, 11, 8.5],
			"rotation": {"angle": 0, "axis": "y", "origin": [0, 0, 7.5]},
			"faces": {
				"north": {"uv": [3, 5, 2, 9], "texture": "#2"},
				"east": {"uv": [2, 5, 3, 9], "texture": "#2"},
				"south": {"uv": [2, 5, 3, 9], "texture": "#2"},
				"west": {"uv": [2, 5, 3, 9], "texture": "#2"},
				"up": {"uv": [2, 5, 3, 6], "texture": "#2"},
				"down": {"uv": [2, 8, 3, 9], "texture": "#2"}
			}
		},
		{
			"name": "e_magnia_attractor_8",
			"from": [12, 5, 7.5],
			"to": [14, 11, 8.5],
			"rotation": {"angle": 0, "axis": "y", "origin": [0, 0, 7.5]},
			"faces": {
				"north": {"uv": [14, 5, 12, 11], "texture": "#2"},
				"east": {"uv": [13, 5, 14, 11], "texture": "#2"},
				"south": {"uv": [12, 5, 14, 11], "texture": "#2"},
				"west": {"uv": [12, 5, 13, 11], "texture": "#2"},
				"up": {"uv": [12, 5, 14, 6], "texture": "#2"},
				"down": {"uv": [12, 10, 14, 11], "texture": "#2"}
			}
		},
		{
			"name": "e_magnia_attractor_9",
			"from": [1, 8, 7.5],
			"to": [2, 10, 8.5],
			"rotation": {"angle": 0, "axis": "y", "origin": [0, 0, 7.5]},
			"faces": {
				"north": {"uv": [2, 6, 1, 8], "texture": "#2"},
				"east": {"uv": [1, 6, 2, 8], "texture": "#2"},
				"south": {"uv": [1, 6, 2, 8], "texture": "#2"},
				"west": {"uv": [1, 6, 2, 8], "texture": "#2"},
				"up": {"uv": [1, 6, 2, 7], "texture": "#2"},
				"down": {"uv": [1, 7, 2, 8], "texture": "#2"}
			}
		},
		{
			"name": "e_magnia_attractor_10",
			"from": [11, 3, 7.5],
			"to": [12, 10, 8.5],
			"rotation": {"angle": 0, "axis": "y", "origin": [0, 0, 7.5]},
			"faces": {
				"north": {"uv": [12, 6, 11, 13], "texture": "#2"},
				"east": {"uv": [11, 6, 12, 13], "texture": "#2"},
				"south": {"uv": [11, 6, 12, 13], "texture": "#2"},
				"west": {"uv": [11, 6, 12, 13], "texture": "#2"},
				"up": {"uv": [11, 6, 12, 7], "texture": "#2"},
				"down": {"uv": [11, 12, 12, 13], "texture": "#2"}
			}
		},
		{
			"name": "e_magnia_attractor_11",
			"from": [14, 6, 7.5],
			"to": [15, 10, 8.5],
			"rotation": {"angle": 0, "axis": "y", "origin": [0, 0, 7.5]},
			"faces": {
				"north": {"uv": [15, 6, 14, 10], "texture": "#2"},
				"east": {"uv": [14, 6, 15, 10], "texture": "#2"},
				"south": {"uv": [14, 6, 15, 10], "texture": "#2"},
				"west": {"uv": [14, 6, 15, 10], "texture": "#2"},
				"up": {"uv": [14, 6, 15, 7], "texture": "#2"},
				"down": {"uv": [14, 9, 15, 10], "texture": "#2"}
			}
		},
		{
			"name": "e_magnia_attractor_12",
			"from": [10, 7, 7.5],
			"to": [11, 9, 8.5],
			"rotation": {"angle": 0, "axis": "y", "origin": [0, 0, 7.5]},
			"faces": {
				"north": {"uv": [11, 7, 10, 9], "texture": "#2"},
				"east": {"uv": [10, 7, 11, 9], "texture": "#2"},
				"south": {"uv": [10, 7, 11, 9], "texture": "#2"},
				"west": {"uv": [10, 7, 11, 9], "texture": "#2"},
				"up": {"uv": [10, 7, 11, 8], "texture": "#2"},
				"down": {"uv": [10, 8, 11, 9], "texture": "#2"}
			}
		},
		{
			"name": "e_magnia_attractor_13",
			"from": [15, 7, 7.5],
			"to": [16, 9, 8.5],
			"rotation": {"angle": 0, "axis": "y", "origin": [0, 0, 7.5]},
			"faces": {
				"north": {"uv": [16, 7, 15, 9], "texture": "#2"},
				"east": {"uv": [15, 7, 16, 9], "texture": "#2"},
				"south": {"uv": [15, 7, 16, 9], "texture": "#2"},
				"west": {"uv": [15, 7, 16, 9], "texture": "#2"},
				"up": {"uv": [15, 7, 16, 8], "texture": "#2"},
				"down": {"uv": [15, 8, 16, 9], "texture": "#2"}
			}
		},
		{
			"name": "e_magnia_attractor_14",
			"from": [5, 4, 7.5],
			"to": [6, 8, 8.5],
			"rotation": {"angle": 0, "axis": "y", "origin": [0, 0, 7.5]},
			"faces": {
				"north": {"uv": [6, 8, 5, 12], "texture": "#2"},
				"east": {"uv": [5, 8, 6, 12], "texture": "#2"},
				"south": {"uv": [5, 8, 6, 12], "texture": "#2"},
				"west": {"uv": [5, 8, 6, 12], "texture": "#2"},
				"up": {"uv": [5, 8, 6, 9], "texture": "#2"},
				"down": {"uv": [5, 11, 6, 12], "texture": "#2"}
			}
		},
		{
			"name": "e_magnia_attractor_15",
			"from": [6, 3, 7.5],
			"to": [7, 7, 8.5],
			"rotation": {"angle": 0, "axis": "y", "origin": [0, 0, 7.5]},
			"faces": {
				"north": {"uv": [7, 9, 6, 13], "texture": "#2"},
				"east": {"uv": [6, 9, 7, 13], "texture": "#2"},
				"south": {"uv": [6, 9, 7, 13], "texture": "#2"},
				"west": {"uv": [6, 9, 7, 13], "texture": "#2"},
				"up": {"uv": [6, 9, 7, 10], "texture": "#2"},
				"down": {"uv": [6, 12, 7, 13], "texture": "#2"}
			}
		},
		{
			"name": "e_magnia_attractor_16",
			"from": [7, 2, 7.5],
			"to": [8, 6, 8.5],
			"rotation": {"angle": 0, "axis": "y", "origin": [0, 0, 7.5]},
			"faces": {
				"north": {"uv": [8, 10, 7, 14], "texture": "#2"},
				"east": {"uv": [7, 10, 8, 14], "texture": "#2"},
				"south": {"uv": [7, 10, 8, 14], "texture": "#2"},
				"west": {"uv": [7, 10, 8, 14], "texture": "#2"},
				"up": {"uv": [7, 10, 8, 11], "texture": "#2"},
				"down": {"uv": [7, 13, 8, 14], "texture": "#2"}
			}
		},
		{
			"name": "e_magnia_attractor_17",
			"from": [10, 2, 7.5],
			"to": [11, 6, 8.5],
			"rotation": {"angle": 0, "axis": "y", "origin": [0, 0, 7.5]},
			"faces": {
				"north": {"uv": [11, 10, 10, 14], "texture": "#2"},
				"east": {"uv": [10, 10, 11, 14], "texture": "#2"},
				"south": {"uv": [10, 10, 11, 14], "texture": "#2"},
				"west": {"uv": [10, 10, 11, 14], "texture": "#2"},
				"up": {"uv": [10, 10, 11, 11], "texture": "#2"},
				"down": {"uv": [10, 13, 11, 14], "texture": "#2"}
			}
		},
		{
			"name": "e_magnia_attractor_18",
			"from": [3, 2, 7.5],
			"to": [4, 5, 8.5],
			"rotation": {"angle": 0, "axis": "y", "origin": [0, 0, 7.5]},
			"faces": {
				"north": {"uv": [4, 11, 3, 14], "texture": "#2"},
				"east": {"uv": [3, 11, 4, 14], "texture": "#2"},
				"south": {"uv": [3, 11, 4, 14], "texture": "#2"},
				"west": {"uv": [3, 11, 4, 14], "texture": "#2"},
				"up": {"uv": [3, 11, 4, 12], "texture": "#2"},
				"down": {"uv": [3, 13, 4, 14], "texture": "#2"}
			}
		},
		{
			"name": "e_magnia_attractor_19",
			"from": [8, 1, 7.5],
			"to": [10, 5, 8.5],
			"rotation": {"angle": 0, "axis": "y", "origin": [0, 0, 7.5]},
			"faces": {
				"north": {"uv": [10, 11, 8, 15], "texture": "#2"},
				"east": {"uv": [9, 11, 10, 15], "texture": "#2"},
				"south": {"uv": [8, 11, 10, 15], "texture": "#2"},
				"west": {"uv": [8, 11, 9, 15], "texture": "#2"},
				"up": {"uv": [8, 11, 10, 12], "texture": "#2"},
				"down": {"uv": [8, 14, 10, 15], "texture": "#2"}
			}
		},
		{
			"name": "e_magnia_attractor_20",
			"from": [12, 4, 7.5],
			"to": [13, 5, 8.5],
			"rotation": {"angle": 0, "axis": "y", "origin": [0, 0, 7.5]},
			"faces": {
				"north": {"uv": [13, 11, 12, 12], "texture": "#2"},
				"east": {"uv": [12, 11, 13, 12], "texture": "#2"},
				"south": {"uv": [12, 11, 13, 12], "texture": "#2"},
				"west": {"uv": [12, 11, 13, 12], "texture": "#2"},
				"up": {"uv": [12, 11, 13, 12], "texture": "#2"},
				"down": {"uv": [12, 11, 13, 12], "texture": "#2"}
			}
		},
		{
			"name": "e_magnia_attractor_21",
			"from": [2, 0, 7.5],
			"to": [3, 4, 8.5],
			"rotation": {"angle": 0, "axis": "y", "origin": [0, 0, 7.5]},
			"faces": {
				"north": {"uv": [3, 12, 2, 16], "texture": "#2"},
				"east": {"uv": [2, 12, 3, 16], "texture": "#2"},
				"south": {"uv": [2, 12, 3, 16], "texture": "#2"},
				"west": {"uv": [2, 12, 3, 16], "texture": "#2"},
				"up": {"uv": [2, 12, 3, 13], "texture": "#2"},
				"down": {"uv": [2, 15, 3, 16], "texture": "#2"}
			}
		},
		{
			"name": "e_magnia_attractor_22",
			"from": [0, 1, 7.5],
			"to": [2, 3, 8.5],
			"rotation": {"angle": 0, "axis": "y", "origin": [0, 0, 7.5]},
			"faces": {
				"north": {"uv": [2, 13, 0, 15], "texture": "#2"},
				"east": {"uv": [1, 13, 2, 15], "texture": "#2"},
				"south": {"uv": [0, 13, 2, 15], "texture": "#2"},
				"west": {"uv": [0, 13, 1, 15], "texture": "#2"},
				"up": {"uv": [0, 13, 2, 14], "texture": "#2"},
				"down": {"uv": [0, 14, 2, 15], "texture": "#2"}
			}
		},
		{
			"name": "e_magnia_attractor_23",
			"from": [1, 0, 7.5],
			"to": [2, 1, 8.5],
			"rotation": {"angle": 0, "axis": "y", "origin": [0, 0, 7.5]},
			"faces": {
				"north": {"uv": [2, 15, 1, 16], "texture": "#2"},
				"east": {"uv": [1, 15, 2, 16], "texture": "#2"},
				"south": {"uv": [1, 15, 2, 16], "texture": "#2"},
				"west": {"uv": [1, 15, 2, 16], "texture": "#2"},
				"up": {"uv": [1, 15, 2, 16], "texture": "#2"},
				"down": {"uv": [1, 15, 2, 16], "texture": "#2"}
			}
		},
		{
			"name": "e_magnia_attractor_0_outline",
			"from": [9.2, 16.2, 8.7],
			"to": [6.8, 9.8, 7.3],
			"rotation": {"angle": 0, "axis": "y", "origin": [0.1, 0.1, 7.6]},
			"faces": {
				"north": {"uv": [0, 0, 1, 3], "texture": "#1"},
				"east": {"uv": [4.5, 3.5, 5, 6.5], "texture": "#1"},
				"south": {"uv": [1, 0, 2, 3], "texture": "#1"},
				"west": {"uv": [5, 0, 5.5, 3], "texture": "#1"},
				"up": {"uv": [10, 3.5, 9, 3], "texture": "#1"},
				"down": {"uv": [10, 3.5, 9, 4], "texture": "#1"}
			}
		},
		{
			"name": "e_magnia_attractor_1_outline",
			"from": [7.2, 15.2, 8.7],
			"to": [5.8, 10.8, 7.3],
			"rotation": {"angle": 0, "axis": "y", "origin": [0.1, 0.1, 7.6]},
			"faces": {
				"north": {"uv": [0.5, 6, 1, 8], "texture": "#1"},
				"east": {"uv": [6, 3, 6.5, 5], "texture": "#1"},
				"south": {"uv": [5, 6, 5.5, 8], "texture": "#1"},
				"west": {"uv": [6, 5, 6.5, 7], "texture": "#1"},
				"up": {"uv": [2.5, 10.5, 2, 10], "texture": "#1"},
				"down": {"uv": [3.5, 10, 3, 10.5], "texture": "#1"}
			}
		},
		{
			"name": "e_magnia_attractor_2_outline",
			"from": [10.2, 15.2, 8.7],
			"to": [8.8, 10.8, 7.3],
			"rotation": {"angle": 0, "axis": "y", "origin": [0.1, 0.1, 7.6]},
			"faces": {
				"north": {"uv": [5.5, 6, 6, 8], "texture": "#1"},
				"east": {"uv": [6.5, 0, 7, 2], "texture": "#1"},
				"south": {"uv": [6.5, 2, 7, 4], "texture": "#1"},
				"west": {"uv": [2.5, 6.5, 3, 8.5], "texture": "#1"},
				"up": {"uv": [10.5, 3.5, 10, 3], "texture": "#1"},
				"down": {"uv": [10.5, 3.5, 10, 4], "texture": "#1"}
			}
		},
		{
			"name": "e_magnia_attractor_3_outline",
			"from": [6.2, 14.2, 8.7],
			"to": [4.8, 9.8, 7.3],
			"rotation": {"angle": 0, "axis": "y", "origin": [0.1, 0.1, 7.6]},
			"faces": {
				"north": {"uv": [6.5, 4, 7, 6], "texture": "#1"},
				"east": {"uv": [4.5, 6.5, 5, 8.5], "texture": "#1"},
				"south": {"uv": [6.5, 6, 7, 8], "texture": "#1"},
				"west": {"uv": [7, 0, 7.5, 2], "texture": "#1"},
				"up": {"uv": [10.5, 4.5, 10, 4], "texture": "#1"},
				"down": {"uv": [10.5, 4.5, 10, 5], "texture": "#1"}
			}
		},
		{
			"name": "e_magnia_attractor_4_outline",
			"from": [11.2, 14.2, 8.7],
			"to": [9.8, 11.8, 7.3],
			"rotation": {"angle": 0, "axis": "y", "origin": [0.1, 0.1, 7.6]},
			"faces": {
				"north": {"uv": [9, 4, 9.5, 5], "texture": "#1"},
				"east": {"uv": [9, 5, 9.5, 6], "texture": "#1"},
				"south": {"uv": [6, 9, 6.5, 10], "texture": "#1"},
				"west": {"uv": [9, 8, 9.5, 9], "texture": "#1"},
				"up": {"uv": [5.5, 10.5, 5, 10], "texture": "#1"},
				"down": {"uv": [10.5, 5, 10, 5.5], "texture": "#1"}
			}
		},
		{
			"name": "e_magnia_attractor_5_outline",
			"from": [5.2, 13.2, 8.7],
			"to": [3.8, 2.8, 7.3],
			"rotation": {"angle": 0, "axis": "y", "origin": [0.1, 0.1, 7.6]},
			"faces": {
				"north": {"uv": [3, 0, 3.5, 5], "texture": "#1"},
				"east": {"uv": [1, 3, 1.5, 8], "texture": "#1"},
				"south": {"uv": [1.5, 3, 2, 8], "texture": "#1"},
				"west": {"uv": [2, 3, 2.5, 8], "texture": "#1"},
				"up": {"uv": [6, 10.5, 5.5, 10], "texture": "#1"},
				"down": {"uv": [10.5, 5.5, 10, 6], "texture": "#1"}
			}
		},
		{
			"name": "e_magnia_attractor_6_outline",
			"from": [4.2, 12.2, 8.7],
			"to": [2.8, 5.8, 7.3],
			"rotation": {"angle": 0, "axis": "y", "origin": [0.1, 0.1, 7.6]},
			"faces": {
				"north": {"uv": [3, 5, 3.5, 8], "texture": "#1"},
				"east": {"uv": [5, 3, 5.5, 6], "texture": "#1"},
				"south": {"uv": [5.5, 0, 6, 3], "texture": "#1"},
				"west": {"uv": [5.5, 3, 6, 6], "texture": "#1"},
				"up": {"uv": [6.5, 10.5, 6, 10], "texture": "#1"},
				"down": {"uv": [10.5, 6, 10, 6.5], "texture": "#1"}
			}
		},
		{
			"name": "e_magnia_attractor_7_outline",
			"from": [3.2, 11.2, 8.7],
			"to": [1.8, 6.8, 7.3],
			"rotation": {"angle": 0, "axis": "y", "origin": [0.1, 0.1, 7.6]},
			"faces": {
				"north": {"uv": [7, 2, 7.5, 4], "texture": "#1"},
				"east": {"uv": [7, 4, 7.5, 6], "texture": "#1"},
				"south": {"uv": [6, 7, 6.5, 9], "texture": "#1"},
				"west": {"uv": [7, 6, 7.5, 8], "texture": "#1"},
				"up": {"uv": [7, 10.5, 6.5, 10], "texture": "#1"},
				"down": {"uv": [10.5, 6.5, 10, 7], "texture": "#1"}
			}
		},
		{
			"name": "e_magnia_attractor_8_outline",
			"from": [14.2, 11.2, 8.7],
			"to": [11.8, 4.8, 7.3],
			"rotation": {"angle": 0, "axis": "y", "origin": [0.1, 0.1, 7.6]},
			"faces": {
				"north": {"uv": [2, 0, 3, 3], "texture": "#1"},
				"east": {"uv": [0, 6, 0.5, 9], "texture": "#1"},
				"south": {"uv": [0, 3, 1, 6], "texture": "#1"},
				"west": {"uv": [6, 0, 6.5, 3], "texture": "#1"},
				"up": {"uv": [10, 9.5, 9, 9], "texture": "#1"},
				"down": {"uv": [10.5, 0, 9.5, 0.5], "texture": "#1"}
			}
		},
		{
			"name": "e_magnia_attractor_9_outline",
			"from": [2.2, 10.2, 8.7],
			"to": [0.8, 7.8, 7.3],
			"rotation": {"angle": 0, "axis": "y", "origin": [0.1, 0.1, 7.6]},
			"faces": {
				"north": {"uv": [9.5, 0.5, 10, 1.5], "texture": "#1"},
				"east": {"uv": [9.5, 1.5, 10, 2.5], "texture": "#1"},
				"south": {"uv": [3.5, 9.5, 4, 10.5], "texture": "#1"},
				"west": {"uv": [4, 9.5, 4.5, 10.5], "texture": "#1"},
				"up": {"uv": [7.5, 10.5, 7, 10], "texture": "#1"},
				"down": {"uv": [10.5, 7, 10, 7.5], "texture": "#1"}
			}
		},
		{
			"name": "e_magnia_attractor_10_outline",
			"from": [12.2, 10.2, 8.7],
			"to": [10.8, 2.8, 7.3],
			"rotation": {"angle": 0, "axis": "y", "origin": [0.1, 0.1, 7.6]},
			"faces": {
				"north": {"uv": [2.5, 3, 3, 6.5], "texture": "#1"},
				"east": {"uv": [3.5, 4, 4, 7.5], "texture": "#1"},
				"south": {"uv": [4, 4, 4.5, 7.5], "texture": "#1"},
				"west": {"uv": [4.5, 0, 5, 3.5], "texture": "#1"},
				"up": {"uv": [8, 10.5, 7.5, 10], "texture": "#1"},
				"down": {"uv": [10.5, 7.5, 10, 8], "texture": "#1"}
			}
		},
		{
			"name": "e_magnia_attractor_11_outline",
			"from": [15.2, 10.2, 8.7],
			"to": [13.8, 5.8, 7.3],
			"rotation": {"angle": 0, "axis": "y", "origin": [0.1, 0.1, 7.6]},
			"faces": {
				"north": {"uv": [7.5, 0, 8, 2], "texture": "#1"},
				"east": {"uv": [7.5, 2, 8, 4], "texture": "#1"},
				"south": {"uv": [3.5, 7.5, 4, 9.5], "texture": "#1"},
				"west": {"uv": [4, 7.5, 4.5, 9.5], "texture": "#1"},
				"up": {"uv": [8.5, 10.5, 8, 10], "texture": "#1"},
				"down": {"uv": [10.5, 8, 10, 8.5], "texture": "#1"}
			}
		},
		{
			"name": "e_magnia_attractor_12_outline",
			"from": [11.2, 9.2, 8.7],
			"to": [9.8, 6.8, 7.3],
			"rotation": {"angle": 0, "axis": "y", "origin": [0.1, 0.1, 7.6]},
			"faces": {
				"north": {"uv": [9.5, 4, 10, 5], "texture": "#1"},
				"east": {"uv": [9.5, 5, 10, 6], "texture": "#1"},
				"south": {"uv": [9.5, 6, 10, 7], "texture": "#1"},
				"west": {"uv": [9.5, 7, 10, 8], "texture": "#1"},
				"up": {"uv": [10.5, 9, 10, 8.5], "texture": "#1"},
				"down": {"uv": [10.5, 9, 10, 9.5], "texture": "#1"}
			}
		},
		{
			"name": "e_magnia_attractor_13_outline",
			"from": [16.2, 9.2, 8.7],
			"to": [14.8, 6.8, 7.3],
			"rotation": {"angle": 0, "axis": "y", "origin": [0.1, 0.1, 7.6]},
			"faces": {
				"north": {"uv": [9.5, 8, 10, 9], "texture": "#1"},
				"east": {"uv": [8.5, 9.5, 9, 10.5], "texture": "#1"},
				"south": {"uv": [9, 9.5, 9.5, 10.5], "texture": "#1"},
				"west": {"uv": [9.5, 9.5, 10, 10.5], "texture": "#1"},
				"up": {"uv": [10.5, 10, 10, 9.5], "texture": "#1"},
				"down": {"uv": [10.5, 10, 10, 10.5], "texture": "#1"}
			}
		},
		{
			"name": "e_magnia_attractor_14_outline",
			"from": [6.2, 8.2, 8.7],
			"to": [4.8, 3.8, 7.3],
			"rotation": {"angle": 0, "axis": "y", "origin": [0.1, 0.1, 7.6]},
			"faces": {
				"north": {"uv": [7.5, 4, 8, 6], "texture": "#1"},
				"east": {"uv": [7.5, 6, 8, 8], "texture": "#1"},
				"south": {"uv": [8, 0, 8.5, 2], "texture": "#1"},
				"west": {"uv": [0.5, 8, 1, 10], "texture": "#1"},
				"up": {"uv": [0.5, 11, 0, 10.5], "texture": "#1"},
				"down": {"uv": [11, 0, 10.5, 0.5], "texture": "#1"}
			}
		},
		{
			"name": "e_magnia_attractor_15_outline",
			"from": [7.2, 7.2, 8.7],
			"to": [5.8, 2.8, 7.3],
			"rotation": {"angle": 0, "axis": "y", "origin": [0.1, 0.1, 7.6]},
			"faces": {
				"north": {"uv": [1, 8, 1.5, 10], "texture": "#1"},
				"east": {"uv": [1.5, 8, 2, 10], "texture": "#1"},
				"south": {"uv": [2, 8, 2.5, 10], "texture": "#1"},
				"west": {"uv": [8, 2, 8.5, 4], "texture": "#1"},
				"up": {"uv": [1, 11, 0.5, 10.5], "texture": "#1"},
				"down": {"uv": [11, 0.5, 10.5, 1], "texture": "#1"}
			}
		},
		{
			"name": "e_magnia_attractor_16_outline",
			"from": [8.2, 6.2, 8.7],
			"to": [6.8, 1.8, 7.3],
			"rotation": {"angle": 0, "axis": "y", "origin": [0.1, 0.1, 7.6]},
			"faces": {
				"north": {"uv": [3, 8, 3.5, 10], "texture": "#1"},
				"east": {"uv": [8, 4, 8.5, 6], "texture": "#1"},
				"south": {"uv": [5, 8, 5.5, 10], "texture": "#1"},
				"west": {"uv": [5.5, 8, 6, 10], "texture": "#1"},
				"up": {"uv": [1.5, 11, 1, 10.5], "texture": "#1"},
				"down": {"uv": [11, 1, 10.5, 1.5], "texture": "#1"}
			}
		},
		{
			"name": "e_magnia_attractor_17_outline",
			"from": [11.2, 6.2, 8.7],
			"to": [9.8, 1.8, 7.3],
			"rotation": {"angle": 0, "axis": "y", "origin": [0.1, 0.1, 7.6]},
			"faces": {
				"north": {"uv": [8, 6, 8.5, 8], "texture": "#1"},
				"east": {"uv": [6.5, 8, 7, 10], "texture": "#1"},
				"south": {"uv": [7, 8, 7.5, 10], "texture": "#1"},
				"west": {"uv": [7.5, 8, 8, 10], "texture": "#1"},
				"up": {"uv": [2.5, 11, 2, 10.5], "texture": "#1"},
				"down": {"uv": [3, 10.5, 2.5, 11], "texture": "#1"}
			}
		},
		{
			"name": "e_magnia_attractor_18_outline",
			"from": [4.2, 5.2, 8.7],
			"to": [2.8, 1.8, 7.3],
			"rotation": {"angle": 0, "axis": "y", "origin": [0.1, 0.1, 7.6]},
			"faces": {
				"north": {"uv": [8.5, 8, 9, 9.5], "texture": "#1"},
				"east": {"uv": [0, 9, 0.5, 10.5], "texture": "#1"},
				"south": {"uv": [9, 0, 9.5, 1.5], "texture": "#1"},
				"west": {"uv": [9, 1.5, 9.5, 3], "texture": "#1"},
				"up": {"uv": [11, 3, 10.5, 2.5], "texture": "#1"},
				"down": {"uv": [3.5, 10.5, 3, 11], "texture": "#1"}
			}
		},
		{
			"name": "e_magnia_attractor_19_outline",
			"from": [10.2, 5.2, 8.7],
			"to": [7.8, 0.8, 7.3],
			"rotation": {"angle": 0, "axis": "y", "origin": [0.1, 0.1, 7.6]},
			"faces": {
				"north": {"uv": [3.5, 0, 4.5, 2], "texture": "#1"},
				"east": {"uv": [8, 8, 8.5, 10], "texture": "#1"},
				"south": {"uv": [3.5, 2, 4.5, 4], "texture": "#1"},
				"west": {"uv": [8.5, 0, 9, 2], "texture": "#1"},
				"up": {"uv": [10.5, 3, 9.5, 2.5], "texture": "#1"},
				"down": {"uv": [1.5, 10, 0.5, 10.5], "texture": "#1"}
			}
		},
		{
			"name": "e_magnia_attractor_20_outline",
			"from": [13.2, 5.2, 8.7],
			"to": [11.8, 3.8, 7.3],
			"rotation": {"angle": 0, "axis": "y", "origin": [0.1, 0.1, 7.6]},
			"faces": {
				"north": {"uv": [10.5, 3, 11, 3.5], "texture": "#1"},
				"east": {"uv": [3.5, 10.5, 4, 11], "texture": "#1"},
				"south": {"uv": [10.5, 3.5, 11, 4], "texture": "#1"},
				"west": {"uv": [4, 10.5, 4.5, 11], "texture": "#1"},
				"up": {"uv": [11, 4.5, 10.5, 4], "texture": "#1"},
				"down": {"uv": [5, 10.5, 4.5, 11], "texture": "#1"}
			}
		},
		{
			"name": "e_magnia_attractor_21_outline",
			"from": [3.2, 4.2, 8.7],
			"to": [1.8, -0.2, 7.3],
			"rotation": {"angle": 0, "axis": "y", "origin": [0.1, 0.1, 7.6]},
			"faces": {
				"north": {"uv": [8.5, 2, 9, 4], "texture": "#1"},
				"east": {"uv": [2.5, 8.5, 3, 10.5], "texture": "#1"},
				"south": {"uv": [8.5, 4, 9, 6], "texture": "#1"},
				"west": {"uv": [4.5, 8.5, 5, 10.5], "texture": "#1"},
				"up": {"uv": [11, 5, 10.5, 4.5], "texture": "#1"},
				"down": {"uv": [5.5, 10.5, 5, 11], "texture": "#1"}
			}
		},
		{
			"name": "e_magnia_attractor_22_outline",
			"from": [2.2, 3.2, 8.7],
			"to": [-0.2, 0.8, 7.3],
			"rotation": {"angle": 0, "axis": "y", "origin": [0.1, 0.1, 7.6]},
			"faces": {
				"north": {"uv": [8.5, 6, 9.5, 7], "texture": "#1"},
				"east": {"uv": [10, 0.5, 10.5, 1.5], "texture": "#1"},
				"south": {"uv": [8.5, 7, 9.5, 8], "texture": "#1"},
				"west": {"uv": [1.5, 10, 2, 11], "texture": "#1"},
				"up": {"uv": [11, 2, 10, 1.5], "texture": "#1"},
				"down": {"uv": [11, 2, 10, 2.5], "texture": "#1"}
			}
		},
		{
			"name": "e_magnia_attractor_23_outline",
			"from": [2.2, 1.2, 8.7],
			"to": [0.8, -0.2, 7.3],
			"rotation": {"angle": 0, "axis": "y", "origin": [0.1, 0.1, 7.6]},
			"faces": {
				"north": {"uv": [10.5, 5, 11, 5.5], "texture": "#1"},
				"east": {"uv": [5.5, 10.5, 6, 11], "texture": "#1"},
				"south": {"uv": [10.5, 5.5, 11, 6], "texture": "#1"},
				"west": {"uv": [6, 10.5, 6.5, 11], "texture": "#1"},
				"up": {"uv": [11, 6.5, 10.5, 6], "texture": "#1"},
				"down": {"uv": [7, 10.5, 6.5, 11], "texture": "#1"}
			}
		}
	],
	"display": {
		"thirdperson_righthand": {
			"rotation": [-44, -90, 0],
			"translation": [0, 4.5, 1.5],
			"scale": [0.7, 0.7, 0.7]
		},
		"thirdperson_lefthand": {
			"rotation": [-44, 90, 0],
			"translation": [0, 4.5, 1.5],
			"scale": [0.7, 0.7, 0.7]
		},
		"firstperson_righthand": {
			"rotation": [-120.25, -90, 0],
			"translation": [0.38, 3.75, 1.63],
			"scale": [0.48, 0.48, 0.48]
		},
		"firstperson_lefthand": {
			"rotation": [-120.25, 90, 0],
			"translation": [0.38, 3.75, 1.63],
			"scale": [0.48, 0.48, 0.48]
		}
	},
	"groups": [
		{
			"name": "e_magnia_attractor",
			"origin": [8, 8, 8],
			"color": 0,
			"children": [0, 1, 2, 3, 4, 5, 6, 7, 8, 9, 10, 11, 12, 13, 14, 15, 16, 17, 18, 19, 20, 21, 22, 23]
		},
		24,
		25,
		26,
		27,
		28,
		29,
		30,
		31,
		32,
		33,
		34,
		35,
		36,
		37,
		38,
		39,
		40,
		41,
		42,
		43,
		44,
		45,
		46,
		47
	]
}