{
	"format_version": "1.21.6",
	"credit": "Made with Blockbench",
	"texture_size": [32, 32],
	"textures": {
		"0": "item/thirdperson/bottle_enchanted",
		"1": "item/thirdperson/enchanted_bottle",
		"particle": "item/thirdperson/bottle_enchanted"
	},
	"elements": [
		{
			"name": "bottle_enchanted_0",
			"from": [7, 1, 7.5],
			"to": [10, 14, 8.5],
			"light_emission": 15,
			"rotation": {"angle": 0, "axis": "y", "origin": [0, 0, 7.5]},
			"faces": {
				"north": {"uv": [10, 2, 7, 15], "texture": "#0"},
				"east": {"uv": [9, 2, 10, 15], "texture": "#0"},
				"south": {"uv": [7, 2, 10, 15], "texture": "#0"},
				"west": {"uv": [7, 2, 8, 15], "texture": "#0"},
				"up": {"uv": [7, 2, 10, 3], "texture": "#0"},
				"down": {"uv": [7, 14, 10, 15], "texture": "#0"}
			}
		},
		{
			"name": "bottle_enchanted_1",
			"from": [6, 11, 7.5],
			"to": [7, 13, 8.5],
			"light_emission": 15,
			"rotation": {"angle": 0, "axis": "y", "origin": [0, 0, 7.5]},
			"faces": {
				"north": {"uv": [7, 3, 6, 5], "texture": "#0"},
				"east": {"uv": [6, 3, 7, 5], "texture": "#0"},
				"south": {"uv": [6, 3, 7, 5], "texture": "#0"},
				"west": {"uv": [6, 3, 7, 5], "texture": "#0"},
				"up": {"uv": [6, 3, 7, 4], "texture": "#0"},
				"down": {"uv": [6, 4, 7, 5], "texture": "#0"}
			}
		},
		{
			"name": "bottle_enchanted_2",
			"from": [10, 11, 7.5],
			"to": [11, 13, 8.5],
			"light_emission": 15,
			"rotation": {"angle": 0, "axis": "y", "origin": [0, 0, 7.5]},
			"faces": {
				"north": {"uv": [11, 3, 10, 5], "texture": "#0"},
				"east": {"uv": [10, 3, 11, 5], "texture": "#0"},
				"south": {"uv": [10, 3, 11, 5], "texture": "#0"},
				"west": {"uv": [10, 3, 11, 5], "texture": "#0"},
				"up": {"uv": [10, 3, 11, 4], "texture": "#0"},
				"down": {"uv": [10, 4, 11, 5], "texture": "#0"}
			}
		},
		{
			"name": "bottle_enchanted_3",
			"from": [6, 1, 7.5],
			"to": [7, 9, 8.5],
			"light_emission": 15,
			"rotation": {"angle": 0, "axis": "y", "origin": [0, 0, 7.5]},
			"faces": {
				"north": {"uv": [7, 7, 6, 15], "texture": "#0"},
				"east": {"uv": [6, 7, 7, 15], "texture": "#0"},
				"south": {"uv": [6, 7, 7, 15], "texture": "#0"},
				"west": {"uv": [6, 7, 7, 15], "texture": "#0"},
				"up": {"uv": [6, 7, 7, 8], "texture": "#0"},
				"down": {"uv": [6, 14, 7, 15], "texture": "#0"}
			}
		},
		{
			"name": "bottle_enchanted_4",
			"from": [10, 1, 7.5],
			"to": [11, 9, 8.5],
			"light_emission": 15,
			"rotation": {"angle": 0, "axis": "y", "origin": [0, 0, 7.5]},
			"faces": {
				"north": {"uv": [11, 7, 10, 15], "texture": "#0"},
				"east": {"uv": [10, 7, 11, 15], "texture": "#0"},
				"south": {"uv": [10, 7, 11, 15], "texture": "#0"},
				"west": {"uv": [10, 7, 11, 15], "texture": "#0"},
				"up": {"uv": [10, 7, 11, 8], "texture": "#0"},
				"down": {"uv": [10, 14, 11, 15], "texture": "#0"}
			}
		},
		{
			"name": "bottle_enchanted_5",
			"from": [5, 2, 7.5],
			"to": [6, 8, 8.5],
			"light_emission": 15,
			"rotation": {"angle": 0, "axis": "y", "origin": [0, 0, 7.5]},
			"faces": {
				"north": {"uv": [6, 8, 5, 14], "texture": "#0"},
				"east": {"uv": [5, 8, 6, 14], "texture": "#0"},
				"south": {"uv": [5, 8, 6, 14], "texture": "#0"},
				"west": {"uv": [5, 8, 6, 14], "texture": "#0"},
				"up": {"uv": [5, 8, 6, 9], "texture": "#0"},
				"down": {"uv": [5, 13, 6, 14], "texture": "#0"}
			}
		},
		{
			"name": "bottle_enchanted_6",
			"from": [11, 2, 7.5],
			"to": [12, 8, 8.5],
			"light_emission": 15,
			"rotation": {"angle": 0, "axis": "y", "origin": [0, 0, 7.5]},
			"faces": {
				"north": {"uv": [12, 8, 11, 14], "texture": "#0"},
				"east": {"uv": [11, 8, 12, 14], "texture": "#0"},
				"south": {"uv": [11, 8, 12, 14], "texture": "#0"},
				"west": {"uv": [11, 8, 12, 14], "texture": "#0"},
				"up": {"uv": [11, 8, 12, 9], "texture": "#0"},
				"down": {"uv": [11, 13, 12, 14], "texture": "#0"}
			}
		},
		{
			"name": "bottle_enchanted_7",
			"from": [4, 3, 7.5],
			"to": [5, 7, 8.5],
			"light_emission": 15,
			"rotation": {"angle": 0, "axis": "y", "origin": [0, 0, 7.5]},
			"faces": {
				"north": {"uv": [5, 9, 4, 13], "texture": "#0"},
				"east": {"uv": [4, 9, 5, 13], "texture": "#0"},
				"south": {"uv": [4, 9, 5, 13], "texture": "#0"},
				"west": {"uv": [4, 9, 5, 13], "texture": "#0"},
				"up": {"uv": [4, 9, 5, 10], "texture": "#0"},
				"down": {"uv": [4, 12, 5, 13], "texture": "#0"}
			}
		},
		{
			"name": "bottle_enchanted_8",
			"from": [12, 3, 7.5],
			"to": [13, 7, 8.5],
			"light_emission": 15,
			"rotation": {"angle": 0, "axis": "y", "origin": [0, 0, 7.5]},
			"faces": {
				"north": {"uv": [13, 9, 12, 13], "texture": "#0"},
				"east": {"uv": [12, 9, 13, 13], "texture": "#0"},
				"south": {"uv": [12, 9, 13, 13], "texture": "#0"},
				"west": {"uv": [12, 9, 13, 13], "texture": "#0"},
				"up": {"uv": [12, 9, 13, 10], "texture": "#0"},
				"down": {"uv": [12, 12, 13, 13], "texture": "#0"}
			}
		},
		{
			"name": "bottle_enchanted_0_outline",
			"from": [10.5, 14.5, 9],
			"to": [6.5, 0.5, 7],
			"light_emission": 15,
			"rotation": {"angle": 0, "axis": "y", "origin": [0, 0, 7.5]},
			"faces": {
				"north": {"uv": [0, 0, 2, 7], "texture": "#1"},
				"east": {"uv": [4, 0, 5, 7], "texture": "#1"},
				"south": {"uv": [2, 0, 4, 7], "texture": "#1"},
				"west": {"uv": [5, 0, 6, 7], "texture": "#1"},
				"up": {"uv": [13, 1, 11, 0], "texture": "#1"},
				"down": {"uv": [13, 1, 11, 2], "texture": "#1"}
			}
		},
		{
			"name": "bottle_enchanted_1_outline",
			"from": [7.5, 13.5, 9],
			"to": [5.5, 10.5, 7],
			"light_emission": 15,
			"rotation": {"angle": 0, "axis": "y", "origin": [0, 0, 7.5]},
			"faces": {
				"north": {"uv": [5, 10.5, 6, 12], "texture": "#1"},
				"east": {"uv": [8, 10.5, 9, 12], "texture": "#1"},
				"south": {"uv": [11, 2, 12, 3.5], "texture": "#1"},
				"west": {"uv": [11, 3.5, 12, 5], "texture": "#1"},
				"up": {"uv": [12, 12, 11, 11], "texture": "#1"},
				"down": {"uv": [1, 11.5, 0, 12.5], "texture": "#1"}
			}
		},
		{
			"name": "bottle_enchanted_2_outline",
			"from": [11.5, 13.5, 9],
			"to": [9.5, 10.5, 7],
			"light_emission": 15,
			"rotation": {"angle": 0, "axis": "y", "origin": [0, 0, 7.5]},
			"faces": {
				"north": {"uv": [11, 5, 12, 6.5], "texture": "#1"},
				"east": {"uv": [11, 6.5, 12, 8], "texture": "#1"},
				"south": {"uv": [11, 8, 12, 9.5], "texture": "#1"},
				"west": {"uv": [11, 9.5, 12, 11], "texture": "#1"},
				"up": {"uv": [2, 12.5, 1, 11.5], "texture": "#1"},
				"down": {"uv": [3, 11.5, 2, 12.5], "texture": "#1"}
			}
		},
		{
			"name": "bottle_enchanted_3_outline",
			"from": [7.5, 9.5, 9],
			"to": [5.5, 0.5, 7],
			"light_emission": 15,
			"rotation": {"angle": 0, "axis": "y", "origin": [0, 0, 7.5]},
			"faces": {
				"north": {"uv": [6, 0, 7, 4.5], "texture": "#1"},
				"east": {"uv": [6, 4.5, 7, 9], "texture": "#1"},
				"south": {"uv": [0, 7, 1, 11.5], "texture": "#1"},
				"west": {"uv": [7, 0, 8, 4.5], "texture": "#1"},
				"up": {"uv": [4, 12.5, 3, 11.5], "texture": "#1"},
				"down": {"uv": [5, 11.5, 4, 12.5], "texture": "#1"}
			}
		},
		{
			"name": "bottle_enchanted_4_outline",
			"from": [11.5, 9.5, 9],
			"to": [9.5, 0.5, 7],
			"light_emission": 15,
			"rotation": {"angle": 0, "axis": "y", "origin": [0, 0, 7.5]},
			"faces": {
				"north": {"uv": [1, 7, 2, 11.5], "texture": "#1"},
				"east": {"uv": [2, 7, 3, 11.5], "texture": "#1"},
				"south": {"uv": [3, 7, 4, 11.5], "texture": "#1"},
				"west": {"uv": [4, 7, 5, 11.5], "texture": "#1"},
				"up": {"uv": [7, 12.5, 6, 11.5], "texture": "#1"},
				"down": {"uv": [8, 11.5, 7, 12.5], "texture": "#1"}
			}
		},
		{
			"name": "bottle_enchanted_5_outline",
			"from": [6.5, 8.5, 9],
			"to": [4.5, 1.5, 7],
			"light_emission": 15,
			"rotation": {"angle": 0, "axis": "y", "origin": [0, 0, 7.5]},
			"faces": {
				"north": {"uv": [7, 4.5, 8, 8], "texture": "#1"},
				"east": {"uv": [5, 7, 6, 10.5], "texture": "#1"},
				"south": {"uv": [8, 0, 9, 3.5], "texture": "#1"},
				"west": {"uv": [8, 3.5, 9, 7], "texture": "#1"},
				"up": {"uv": [13, 3, 12, 2], "texture": "#1"},
				"down": {"uv": [13, 3, 12, 4], "texture": "#1"}
			}
		},
		{
			"name": "bottle_enchanted_6_outline",
			"from": [12.5, 8.5, 9],
			"to": [10.5, 1.5, 7],
			"light_emission": 15,
			"rotation": {"angle": 0, "axis": "y", "origin": [0, 0, 7.5]},
			"faces": {
				"north": {"uv": [7, 8, 8, 11.5], "texture": "#1"},
				"east": {"uv": [8, 7, 9, 10.5], "texture": "#1"},
				"south": {"uv": [9, 0, 10, 3.5], "texture": "#1"},
				"west": {"uv": [9, 3.5, 10, 7], "texture": "#1"},
				"up": {"uv": [13, 5, 12, 4], "texture": "#1"},
				"down": {"uv": [6, 12, 5, 13], "texture": "#1"}
			}
		},
		{
			"name": "bottle_enchanted_7_outline",
			"from": [5.5, 7.5, 9],
			"to": [3.5, 2.5, 7],
			"light_emission": 15,
			"rotation": {"angle": 0, "axis": "y", "origin": [0, 0, 7.5]},
			"faces": {
				"north": {"uv": [6, 9, 7, 11.5], "texture": "#1"},
				"east": {"uv": [9, 7, 10, 9.5], "texture": "#1"},
				"south": {"uv": [9, 9.5, 10, 12], "texture": "#1"},
				"west": {"uv": [10, 0, 11, 2.5], "texture": "#1"},
				"up": {"uv": [13, 6, 12, 5], "texture": "#1"},
				"down": {"uv": [13, 6, 12, 7], "texture": "#1"}
			}
		},
		{
			"name": "bottle_enchanted_8_outline",
			"from": [13.5, 7.5, 9],
			"to": [11.5, 2.5, 7],
			"light_emission": 15,
			"rotation": {"angle": 0, "axis": "y", "origin": [0, 0, 7.5]},
			"faces": {
				"north": {"uv": [10, 2.5, 11, 5], "texture": "#1"},
				"east": {"uv": [10, 5, 11, 7.5], "texture": "#1"},
				"south": {"uv": [10, 7.5, 11, 10], "texture": "#1"},
				"west": {"uv": [10, 10, 11, 12.5], "texture": "#1"},
				"up": {"uv": [13, 8, 12, 7], "texture": "#1"},
				"down": {"uv": [9, 12, 8, 13], "texture": "#1"}
			}
		}
	],
	"display": {
		"thirdperson_righthand": {
			"translation": [0, 3, 1],
			"scale": [0.55, 0.55, 0.55]
		},
		"thirdperson_lefthand": {
			"translation": [0, 3, 1],
			"scale": [0.55, 0.55, 0.55]
		},
		"firstperson_righthand": {
			"rotation": [0, -90, 25],
			"translation": [1.13, 3.2, 1.13],
			"scale": [0.68, 0.68, 0.68]
		},
		"firstperson_lefthand": {
			"rotation": [0, -90, 25],
			"translation": [1.13, 3.2, 1.13],
			"scale": [0.68, 0.68, 0.68]
		},
		"ground": {
			"translation": [0, 2, 0],
			"scale": [0.5, 0.5, 0.5]
		},
		"fixed": {
			"rotation": [0, -180, 0]
		}
	},
	"groups": [
		{
			"name": "bottle_enchanted",
			"origin": [8, 8, 8],
			"color": 0,
			"children": [0, 1, 2, 3, 4, 5, 6, 7, 8]
		},
		9,
		10,
		11,
		12,
		13,
		14,
		15,
		16,
		17
	]
}