{
	"format_version": "1.21.6",
	"credit": "Made with Blockbench",
	"textures": {
		"0": "farmersdelight:item/e_flint_knife",
		"1": "farmersdelight:item/outline_2",
		"particle": "farmersdelight:item/e_flint_knife"
	},
	"elements": [
		{
			"name": "e_flint_knife_0",
			"from": [11, 11, 7.5],
			"to": [14, 13, 8.5],
			"rotation": {"angle": 0, "axis": "y", "origin": [0, 0, 7.5]},
			"faces": {
				"north": {"uv": [14, 3, 11, 5], "texture": "#0"},
				"east": {"uv": [13, 3, 14, 5], "texture": "#0"},
				"south": {"uv": [11, 3, 14, 5], "texture": "#0"},
				"west": {"uv": [11, 3, 12, 5], "texture": "#0"},
				"up": {"uv": [11, 3, 14, 4], "texture": "#0"},
				"down": {"uv": [11, 4, 14, 5], "texture": "#0"}
			}
		},
		{
			"name": "e_flint_knife_1",
			"from": [9, 8, 7.5],
			"to": [11, 12, 8.5],
			"rotation": {"angle": 0, "axis": "y", "origin": [0, 0, 7.5]},
			"faces": {
				"north": {"uv": [11, 4, 9, 8], "texture": "#0"},
				"east": {"uv": [10, 4, 11, 8], "texture": "#0"},
				"south": {"uv": [9, 4, 11, 8], "texture": "#0"},
				"west": {"uv": [9, 4, 10, 8], "texture": "#0"},
				"up": {"uv": [9, 4, 11, 5], "texture": "#0"},
				"down": {"uv": [9, 7, 11, 8], "texture": "#0"}
			}
		},
		{
			"name": "e_flint_knife_2",
			"from": [8, 6, 7.5],
			"to": [9, 11, 8.5],
			"rotation": {"angle": 0, "axis": "y", "origin": [0, 0, 7.5]},
			"faces": {
				"north": {"uv": [9, 5, 8, 10], "texture": "#0"},
				"east": {"uv": [8, 5, 9, 10], "texture": "#0"},
				"south": {"uv": [8, 5, 9, 10], "texture": "#0"},
				"west": {"uv": [8, 5, 9, 10], "texture": "#0"},
				"up": {"uv": [8, 5, 9, 6], "texture": "#0"},
				"down": {"uv": [8, 9, 9, 10], "texture": "#0"}
			}
		},
		{
			"name": "e_flint_knife_3",
			"from": [11, 10, 7.5],
			"to": [13, 11, 8.5],
			"rotation": {"angle": 0, "axis": "y", "origin": [0, 0, 7.5]},
			"faces": {
				"north": {"uv": [13, 5, 11, 6], "texture": "#0"},
				"east": {"uv": [12, 5, 13, 6], "texture": "#0"},
				"south": {"uv": [11, 5, 13, 6], "texture": "#0"},
				"west": {"uv": [11, 5, 12, 6], "texture": "#0"},
				"up": {"uv": [11, 5, 13, 6], "texture": "#0"},
				"down": {"uv": [11, 5, 13, 6], "texture": "#0"}
			}
		},
		{
			"name": "e_flint_knife_4",
			"from": [7, 5, 7.5],
			"to": [8, 10, 8.5],
			"rotation": {"angle": 0, "axis": "y", "origin": [0, 0, 7.5]},
			"faces": {
				"north": {"uv": [8, 6, 7, 11], "texture": "#0"},
				"east": {"uv": [7, 6, 8, 11], "texture": "#0"},
				"south": {"uv": [7, 6, 8, 11], "texture": "#0"},
				"west": {"uv": [7, 6, 8, 11], "texture": "#0"},
				"up": {"uv": [7, 6, 8, 7], "texture": "#0"},
				"down": {"uv": [7, 10, 8, 11], "texture": "#0"}
			}
		},
		{
			"name": "e_flint_knife_5",
			"from": [11, 9, 7.5],
			"to": [12, 10, 8.5],
			"rotation": {"angle": 0, "axis": "y", "origin": [0, 0, 7.5]},
			"faces": {
				"north": {"uv": [12, 6, 11, 7], "texture": "#0"},
				"east": {"uv": [11, 6, 12, 7], "texture": "#0"},
				"south": {"uv": [11, 6, 12, 7], "texture": "#0"},
				"west": {"uv": [11, 6, 12, 7], "texture": "#0"},
				"up": {"uv": [11, 6, 12, 7], "texture": "#0"},
				"down": {"uv": [11, 6, 12, 7], "texture": "#0"}
			}
		},
		{
			"name": "e_flint_knife_6",
			"from": [6, 5, 7.5],
			"to": [7, 9, 8.5],
			"rotation": {"angle": 0, "axis": "y", "origin": [0, 0, 7.5]},
			"faces": {
				"north": {"uv": [7, 7, 6, 11], "texture": "#0"},
				"east": {"uv": [6, 7, 7, 11], "texture": "#0"},
				"south": {"uv": [6, 7, 7, 11], "texture": "#0"},
				"west": {"uv": [6, 7, 7, 11], "texture": "#0"},
				"up": {"uv": [6, 7, 7, 8], "texture": "#0"},
				"down": {"uv": [6, 10, 7, 11], "texture": "#0"}
			}
		},
		{
			"name": "e_flint_knife_7",
			"from": [5, 4, 7.5],
			"to": [6, 8, 8.5],
			"rotation": {"angle": 0, "axis": "y", "origin": [0, 0, 7.5]},
			"faces": {
				"north": {"uv": [6, 8, 5, 12], "texture": "#0"},
				"east": {"uv": [5, 8, 6, 12], "texture": "#0"},
				"south": {"uv": [5, 8, 6, 12], "texture": "#0"},
				"west": {"uv": [5, 8, 6, 12], "texture": "#0"},
				"up": {"uv": [5, 8, 6, 9], "texture": "#0"},
				"down": {"uv": [5, 11, 6, 12], "texture": "#0"}
			}
		},
		{
			"name": "e_flint_knife_8",
			"from": [9, 7, 7.5],
			"to": [10, 8, 8.5],
			"rotation": {"angle": 0, "axis": "y", "origin": [0, 0, 7.5]},
			"faces": {
				"north": {"uv": [10, 8, 9, 9], "texture": "#0"},
				"east": {"uv": [9, 8, 10, 9], "texture": "#0"},
				"south": {"uv": [9, 8, 10, 9], "texture": "#0"},
				"west": {"uv": [9, 8, 10, 9], "texture": "#0"},
				"up": {"uv": [9, 8, 10, 9], "texture": "#0"},
				"down": {"uv": [9, 8, 10, 9], "texture": "#0"}
			}
		},
		{
			"name": "e_flint_knife_9",
			"from": [4, 3, 7.5],
			"to": [5, 6, 8.5],
			"rotation": {"angle": 0, "axis": "y", "origin": [0, 0, 7.5]},
			"faces": {
				"north": {"uv": [5, 10, 4, 13], "texture": "#0"},
				"east": {"uv": [4, 10, 5, 13], "texture": "#0"},
				"south": {"uv": [4, 10, 5, 13], "texture": "#0"},
				"west": {"uv": [4, 10, 5, 13], "texture": "#0"},
				"up": {"uv": [4, 10, 5, 11], "texture": "#0"},
				"down": {"uv": [4, 12, 5, 13], "texture": "#0"}
			}
		},
		{
			"name": "e_flint_knife_10",
			"from": [3, 2, 7.5],
			"to": [4, 5, 8.5],
			"rotation": {"angle": 0, "axis": "y", "origin": [0, 0, 7.5]},
			"faces": {
				"north": {"uv": [4, 11, 3, 14], "texture": "#0"},
				"east": {"uv": [3, 11, 4, 14], "texture": "#0"},
				"south": {"uv": [3, 11, 4, 14], "texture": "#0"},
				"west": {"uv": [3, 11, 4, 14], "texture": "#0"},
				"up": {"uv": [3, 11, 4, 12], "texture": "#0"},
				"down": {"uv": [3, 13, 4, 14], "texture": "#0"}
			}
		},
		{
			"name": "e_flint_knife_11",
			"from": [2, 2, 7.5],
			"to": [3, 4, 8.5],
			"rotation": {"angle": 0, "axis": "y", "origin": [0, 0, 7.5]},
			"faces": {
				"north": {"uv": [3, 12, 2, 14], "texture": "#0"},
				"east": {"uv": [2, 12, 3, 14], "texture": "#0"},
				"south": {"uv": [2, 12, 3, 14], "texture": "#0"},
				"west": {"uv": [2, 12, 3, 14], "texture": "#0"},
				"up": {"uv": [2, 12, 3, 13], "texture": "#0"},
				"down": {"uv": [2, 13, 3, 14], "texture": "#0"}
			}
		},
		{
			"name": "e_flint_knife_0_outline",
			"from": [14.2, 13.2, 8.7],
			"to": [10.8, 10.8, 7.3],
			"rotation": {"angle": 0, "axis": "y", "origin": [0.1, 0.1, 7.6]},
			"faces": {
				"north": {"uv": [0, 4, 3, 6], "texture": "#1"},
				"east": {"uv": [10, 6, 11, 8], "texture": "#1"},
				"south": {"uv": [4, 0, 7, 2], "texture": "#1"},
				"west": {"uv": [2, 11, 3, 13], "texture": "#1"},
				"up": {"uv": [12, 9, 9, 8], "texture": "#1"},
				"down": {"uv": [12, 9, 9, 10], "texture": "#1"}
			}
		},
		{
			"name": "e_flint_knife_1_outline",
			"from": [11.2, 12.2, 8.7],
			"to": [8.8, 7.8, 7.3],
			"rotation": {"angle": 0, "axis": "y", "origin": [0.1, 0.1, 7.6]},
			"faces": {
				"north": {"uv": [0, 0, 2, 4], "texture": "#1"},
				"east": {"uv": [4, 7, 5, 11], "texture": "#1"},
				"south": {"uv": [2, 0, 4, 4], "texture": "#1"},
				"west": {"uv": [5, 7, 6, 11], "texture": "#1"},
				"up": {"uv": [13, 4, 11, 3], "texture": "#1"},
				"down": {"uv": [6, 11, 4, 12], "texture": "#1"}
			}
		},
		{
			"name": "e_flint_knife_2_outline",
			"from": [9.2, 11.2, 8.7],
			"to": [7.8, 5.8, 7.3],
			"rotation": {"angle": 0, "axis": "y", "origin": [0.1, 0.1, 7.6]},
			"faces": {
				"north": {"uv": [4, 2, 5, 7], "texture": "#1"},
				"east": {"uv": [3, 4, 4, 9], "texture": "#1"},
				"south": {"uv": [5, 2, 6, 7], "texture": "#1"},
				"west": {"uv": [0, 6, 1, 11], "texture": "#1"},
				"up": {"uv": [13, 3, 12, 2], "texture": "#1"},
				"down": {"uv": [6, 12, 5, 13], "texture": "#1"}
			}
		},
		{
			"name": "e_flint_knife_3_outline",
			"from": [13.2, 11.2, 8.7],
			"to": [10.8, 9.8, 7.3],
			"rotation": {"angle": 0, "axis": "y", "origin": [0.1, 0.1, 7.6]},
			"faces": {
				"north": {"uv": [11, 4, 13, 5], "texture": "#1"},
				"east": {"uv": [7, 12, 8, 13], "texture": "#1"},
				"south": {"uv": [11, 5, 13, 6], "texture": "#1"},
				"west": {"uv": [8, 12, 9, 13], "texture": "#1"},
				"up": {"uv": [13, 7, 11, 6], "texture": "#1"},
				"down": {"uv": [13, 7, 11, 8], "texture": "#1"}
			}
		},
		{
			"name": "e_flint_knife_4_outline",
			"from": [8.2, 10.2, 8.7],
			"to": [6.8, 4.8, 7.3],
			"rotation": {"angle": 0, "axis": "y", "origin": [0.1, 0.1, 7.6]},
			"faces": {
				"north": {"uv": [1, 6, 2, 11], "texture": "#1"},
				"east": {"uv": [2, 6, 3, 11], "texture": "#1"},
				"south": {"uv": [6, 2, 7, 7], "texture": "#1"},
				"west": {"uv": [7, 0, 8, 5], "texture": "#1"},
				"up": {"uv": [13, 9, 12, 8], "texture": "#1"},
				"down": {"uv": [13, 9, 12, 10], "texture": "#1"}
			}
		},
		{
			"name": "e_flint_knife_5_outline",
			"from": [12.2, 10.2, 8.7],
			"to": [10.8, 8.8, 7.3],
			"rotation": {"angle": 0, "axis": "y", "origin": [0.1, 0.1, 7.6]},
			"faces": {
				"north": {"uv": [12, 10, 13, 11], "texture": "#1"},
				"east": {"uv": [11, 12, 12, 13], "texture": "#1"},
				"south": {"uv": [12, 11, 13, 12], "texture": "#1"},
				"west": {"uv": [12, 12, 13, 13], "texture": "#1"},
				"up": {"uv": [14, 1, 13, 0], "texture": "#1"},
				"down": {"uv": [14, 1, 13, 2], "texture": "#1"}
			}
		},
		{
			"name": "e_flint_knife_6_outline",
			"from": [7.2, 9.2, 8.7],
			"to": [5.8, 4.8, 7.3],
			"rotation": {"angle": 0, "axis": "y", "origin": [0.1, 0.1, 7.6]},
			"faces": {
				"north": {"uv": [7, 5, 8, 9], "texture": "#1"},
				"east": {"uv": [6, 7, 7, 11], "texture": "#1"},
				"south": {"uv": [8, 0, 9, 4], "texture": "#1"},
				"west": {"uv": [8, 4, 9, 8], "texture": "#1"},
				"up": {"uv": [3, 14, 2, 13], "texture": "#1"},
				"down": {"uv": [14, 2, 13, 3], "texture": "#1"}
			}
		},
		{
			"name": "e_flint_knife_7_outline",
			"from": [6.2, 8.2, 8.7],
			"to": [4.8, 3.8, 7.3],
			"rotation": {"angle": 0, "axis": "y", "origin": [0.1, 0.1, 7.6]},
			"faces": {
				"north": {"uv": [8, 8, 9, 12], "texture": "#1"},
				"east": {"uv": [9, 0, 10, 4], "texture": "#1"},
				"south": {"uv": [3, 9, 4, 13], "texture": "#1"},
				"west": {"uv": [9, 4, 10, 8], "texture": "#1"},
				"up": {"uv": [4, 14, 3, 13], "texture": "#1"},
				"down": {"uv": [14, 3, 13, 4], "texture": "#1"}
			}
		},
		{
			"name": "e_flint_knife_8_outline",
			"from": [10.2, 8.2, 8.7],
			"to": [8.8, 6.8, 7.3],
			"rotation": {"angle": 0, "axis": "y", "origin": [0.1, 0.1, 7.6]},
			"faces": {
				"north": {"uv": [13, 4, 14, 5], "texture": "#1"},
				"east": {"uv": [5, 13, 6, 14], "texture": "#1"},
				"south": {"uv": [13, 5, 14, 6], "texture": "#1"},
				"west": {"uv": [6, 13, 7, 14], "texture": "#1"},
				"up": {"uv": [14, 7, 13, 6], "texture": "#1"},
				"down": {"uv": [8, 13, 7, 14], "texture": "#1"}
			}
		},
		{
			"name": "e_flint_knife_9_outline",
			"from": [5.2, 6.2, 8.7],
			"to": [3.8, 2.8, 7.3],
			"rotation": {"angle": 0, "axis": "y", "origin": [0.1, 0.1, 7.6]},
			"faces": {
				"north": {"uv": [7, 9, 8, 12], "texture": "#1"},
				"east": {"uv": [10, 0, 11, 3], "texture": "#1"},
				"south": {"uv": [10, 3, 11, 6], "texture": "#1"},
				"west": {"uv": [9, 10, 10, 13], "texture": "#1"},
				"up": {"uv": [14, 8, 13, 7], "texture": "#1"},
				"down": {"uv": [9, 13, 8, 14], "texture": "#1"}
			}
		},
		{
			"name": "e_flint_knife_10_outline",
			"from": [4.2, 5.2, 8.7],
			"to": [2.8, 1.8, 7.3],
			"rotation": {"angle": 0, "axis": "y", "origin": [0.1, 0.1, 7.6]},
			"faces": {
				"north": {"uv": [10, 10, 11, 13], "texture": "#1"},
				"east": {"uv": [0, 11, 1, 14], "texture": "#1"},
				"south": {"uv": [11, 0, 12, 3], "texture": "#1"},
				"west": {"uv": [1, 11, 2, 14], "texture": "#1"},
				"up": {"uv": [14, 9, 13, 8], "texture": "#1"},
				"down": {"uv": [10, 13, 9, 14], "texture": "#1"}
			}
		},
		{
			"name": "e_flint_knife_11_outline",
			"from": [3.2, 4.2, 8.7],
			"to": [1.8, 1.8, 7.3],
			"rotation": {"angle": 0, "axis": "y", "origin": [0.1, 0.1, 7.6]},
			"faces": {
				"north": {"uv": [6, 11, 7, 13], "texture": "#1"},
				"east": {"uv": [11, 10, 12, 12], "texture": "#1"},
				"south": {"uv": [12, 0, 13, 2], "texture": "#1"},
				"west": {"uv": [4, 12, 5, 14], "texture": "#1"},
				"up": {"uv": [14, 10, 13, 9], "texture": "#1"},
				"down": {"uv": [11, 13, 10, 14], "texture": "#1"}
			}
		}
	],
	"display": {
		"thirdperson_righthand": {
			"rotation": [0, -90, 55],
			"translation": [0, 4, 0.5],
			"scale": [0.85, 0.85, 0.85]
		},
		"thirdperson_lefthand": {
			"rotation": [0, 90, -55],
			"translation": [0, 4, 0.5],
			"scale": [0.85, 0.85, 0.85]
		},
		"firstperson_righthand": {
			"rotation": [0, -90, 25],
			"translation": [1.13, 3.2, 1.13],
			"scale": [0.68, 0.68, 0.68]
		},
		"firstperson_lefthand": {
			"rotation": [0, 90, -25],
			"translation": [1.13, 3.2, 1.13],
			"scale": [0.68, 0.68, 0.68]
		},
		"ground": {
			"translation": [0, 2, 0],
			"scale": [0.5, 0.5, 0.5]
		},
		"head": {
			"rotation": [0, -180, 0],
			"translation": [0, 13, 7]
		},
		"fixed": {
			"rotation": [0, -180, 0]
		}
	},
	"groups": [
		{
			"name": "e_flint_knife",
			"origin": [8, 8, 8],
			"color": 0,
			"children": [0, 1, 2, 3, 4, 5, 6, 7, 8, 9, 10, 11]
		},
		12,
		13,
		14,
		15,
		16,
		17,
		18,
		19,
		20,
		21,
		22,
		23
	]
}