{
  "model": {
    "type": "minecraft:select",
    "property": "minecraft:display_context",
    "cases": [
      {
        "when": [
          "firstperson_lefthand",
          "firstperson_righthand"
        ],
        "model": {
          "type": "minecraft:model",
          "model": "item/firstperson/enchanted_nether_star"
        }
      },
      {
        "when": [
          "gui"
        ],
        "model": {
          "type": "minecraft:model",
          "model": "minecraft:item/nether_star"
        }
      }
    ],
    "fallback": {
      "type": "minecraft:model",
      "model": "item/thirdperson/enchanted_nether_star"
    }
  }
}