{
	"format_version": "1.21.6",
	"credit": "Made with Blockbench",
	"textures": {
		"0": "farmersdelight:item/e_netherite_knife",
		"1": "farmersdelight:item/outline",
		"particle": "farmersdelight:item/e_netherite_knife"
	},
	"elements": [
		{
			"name": "e_netherite_knife_0",
			"from": [10, 11, 7.5],
			"to": [13, 14, 8.5],
			"rotation": {"angle": 0, "axis": "y", "origin": [0, 0, 7.5]},
			"faces": {
				"north": {"uv": [13, 2, 10, 5], "texture": "#0"},
				"east": {"uv": [12, 2, 13, 5], "texture": "#0"},
				"south": {"uv": [10, 2, 13, 5], "texture": "#0"},
				"west": {"uv": [10, 2, 11, 5], "texture": "#0"},
				"up": {"uv": [10, 2, 13, 3], "texture": "#0"},
				"down": {"uv": [10, 4, 13, 5], "texture": "#0"}
			}
		},
		{
			"name": "e_netherite_knife_1",
			"from": [13, 12, 7.5],
			"to": [14, 14, 8.5],
			"rotation": {"angle": 0, "axis": "y", "origin": [0, 0, 7.5]},
			"faces": {
				"north": {"uv": [14, 2, 13, 4], "texture": "#0"},
				"east": {"uv": [13, 2, 14, 4], "texture": "#0"},
				"south": {"uv": [13, 2, 14, 4], "texture": "#0"},
				"west": {"uv": [13, 2, 14, 4], "texture": "#0"},
				"up": {"uv": [13, 2, 14, 3], "texture": "#0"},
				"down": {"uv": [13, 3, 14, 4], "texture": "#0"}
			}
		},
		{
			"name": "e_netherite_knife_2",
			"from": [8, 8, 7.5],
			"to": [10, 13, 8.5],
			"rotation": {"angle": 0, "axis": "y", "origin": [0, 0, 7.5]},
			"faces": {
				"north": {"uv": [10, 3, 8, 8], "texture": "#0"},
				"east": {"uv": [9, 3, 10, 8], "texture": "#0"},
				"south": {"uv": [8, 3, 10, 8], "texture": "#0"},
				"west": {"uv": [8, 3, 9, 8], "texture": "#0"},
				"up": {"uv": [8, 3, 10, 4], "texture": "#0"},
				"down": {"uv": [8, 7, 10, 8], "texture": "#0"}
			}
		},
		{
			"name": "e_netherite_knife_3",
			"from": [7, 6, 7.5],
			"to": [8, 12, 8.5],
			"rotation": {"angle": 0, "axis": "y", "origin": [0, 0, 7.5]},
			"faces": {
				"north": {"uv": [8, 4, 7, 10], "texture": "#0"},
				"east": {"uv": [7, 4, 8, 10], "texture": "#0"},
				"south": {"uv": [7, 4, 8, 10], "texture": "#0"},
				"west": {"uv": [7, 4, 8, 10], "texture": "#0"},
				"up": {"uv": [7, 4, 8, 5], "texture": "#0"},
				"down": {"uv": [7, 9, 8, 10], "texture": "#0"}
			}
		},
		{
			"name": "e_netherite_knife_4",
			"from": [6, 5, 7.5],
			"to": [7, 11, 8.5],
			"rotation": {"angle": 0, "axis": "y", "origin": [0, 0, 7.5]},
			"faces": {
				"north": {"uv": [7, 5, 6, 11], "texture": "#0"},
				"east": {"uv": [6, 5, 7, 11], "texture": "#0"},
				"south": {"uv": [6, 5, 7, 11], "texture": "#0"},
				"west": {"uv": [6, 5, 7, 11], "texture": "#0"},
				"up": {"uv": [6, 5, 7, 6], "texture": "#0"},
				"down": {"uv": [6, 10, 7, 11], "texture": "#0"}
			}
		},
		{
			"name": "e_netherite_knife_5",
			"from": [10, 10, 7.5],
			"to": [12, 11, 8.5],
			"rotation": {"angle": 0, "axis": "y", "origin": [0, 0, 7.5]},
			"faces": {
				"north": {"uv": [12, 5, 10, 6], "texture": "#0"},
				"east": {"uv": [11, 5, 12, 6], "texture": "#0"},
				"south": {"uv": [10, 5, 12, 6], "texture": "#0"},
				"west": {"uv": [10, 5, 11, 6], "texture": "#0"},
				"up": {"uv": [10, 5, 12, 6], "texture": "#0"},
				"down": {"uv": [10, 5, 12, 6], "texture": "#0"}
			}
		},
		{
			"name": "e_netherite_knife_6",
			"from": [5, 4, 7.5],
			"to": [6, 10, 8.5],
			"rotation": {"angle": 0, "axis": "y", "origin": [0, 0, 7.5]},
			"faces": {
				"north": {"uv": [6, 6, 5, 12], "texture": "#0"},
				"east": {"uv": [5, 6, 6, 12], "texture": "#0"},
				"south": {"uv": [5, 6, 6, 12], "texture": "#0"},
				"west": {"uv": [5, 6, 6, 12], "texture": "#0"},
				"up": {"uv": [5, 6, 6, 7], "texture": "#0"},
				"down": {"uv": [5, 11, 6, 12], "texture": "#0"}
			}
		},
		{
			"name": "e_netherite_knife_7",
			"from": [10, 9, 7.5],
			"to": [11, 10, 8.5],
			"rotation": {"angle": 0, "axis": "y", "origin": [0, 0, 7.5]},
			"faces": {
				"north": {"uv": [11, 6, 10, 7], "texture": "#0"},
				"east": {"uv": [10, 6, 11, 7], "texture": "#0"},
				"south": {"uv": [10, 6, 11, 7], "texture": "#0"},
				"west": {"uv": [10, 6, 11, 7], "texture": "#0"},
				"up": {"uv": [10, 6, 11, 7], "texture": "#0"},
				"down": {"uv": [10, 6, 11, 7], "texture": "#0"}
			}
		},
		{
			"name": "e_netherite_knife_8",
			"from": [4, 7, 7.5],
			"to": [5, 9, 8.5],
			"rotation": {"angle": 0, "axis": "y", "origin": [0, 0, 7.5]},
			"faces": {
				"north": {"uv": [5, 7, 4, 9], "texture": "#0"},
				"east": {"uv": [4, 7, 5, 9], "texture": "#0"},
				"south": {"uv": [4, 7, 5, 9], "texture": "#0"},
				"west": {"uv": [4, 7, 5, 9], "texture": "#0"},
				"up": {"uv": [4, 7, 5, 8], "texture": "#0"},
				"down": {"uv": [4, 8, 5, 9], "texture": "#0"}
			}
		},
		{
			"name": "e_netherite_knife_9",
			"from": [8, 7, 7.5],
			"to": [9, 8, 8.5],
			"rotation": {"angle": 0, "axis": "y", "origin": [0, 0, 7.5]},
			"faces": {
				"north": {"uv": [9, 8, 8, 9], "texture": "#0"},
				"east": {"uv": [8, 8, 9, 9], "texture": "#0"},
				"south": {"uv": [8, 8, 9, 9], "texture": "#0"},
				"west": {"uv": [8, 8, 9, 9], "texture": "#0"},
				"up": {"uv": [8, 8, 9, 9], "texture": "#0"},
				"down": {"uv": [8, 8, 9, 9], "texture": "#0"}
			}
		},
		{
			"name": "e_netherite_knife_10",
			"from": [4, 3, 7.5],
			"to": [5, 6, 8.5],
			"rotation": {"angle": 0, "axis": "y", "origin": [0, 0, 7.5]},
			"faces": {
				"north": {"uv": [5, 10, 4, 13], "texture": "#0"},
				"east": {"uv": [4, 10, 5, 13], "texture": "#0"},
				"south": {"uv": [4, 10, 5, 13], "texture": "#0"},
				"west": {"uv": [4, 10, 5, 13], "texture": "#0"},
				"up": {"uv": [4, 10, 5, 11], "texture": "#0"},
				"down": {"uv": [4, 12, 5, 13], "texture": "#0"}
			}
		},
		{
			"name": "e_netherite_knife_11",
			"from": [3, 2, 7.5],
			"to": [4, 5, 8.5],
			"rotation": {"angle": 0, "axis": "y", "origin": [0, 0, 7.5]},
			"faces": {
				"north": {"uv": [4, 11, 3, 14], "texture": "#0"},
				"east": {"uv": [3, 11, 4, 14], "texture": "#0"},
				"south": {"uv": [3, 11, 4, 14], "texture": "#0"},
				"west": {"uv": [3, 11, 4, 14], "texture": "#0"},
				"up": {"uv": [3, 11, 4, 12], "texture": "#0"},
				"down": {"uv": [3, 13, 4, 14], "texture": "#0"}
			}
		},
		{
			"name": "e_netherite_knife_12",
			"from": [2, 2, 7.5],
			"to": [3, 4, 8.5],
			"rotation": {"angle": 0, "axis": "y", "origin": [0, 0, 7.5]},
			"faces": {
				"north": {"uv": [3, 12, 2, 14], "texture": "#0"},
				"east": {"uv": [2, 12, 3, 14], "texture": "#0"},
				"south": {"uv": [2, 12, 3, 14], "texture": "#0"},
				"west": {"uv": [2, 12, 3, 14], "texture": "#0"},
				"up": {"uv": [2, 12, 3, 13], "texture": "#0"},
				"down": {"uv": [2, 13, 3, 14], "texture": "#0"}
			}
		},
		{
			"name": "e_netherite_knife_0_outline",
			"from": [13.1, 14.1, 8.6],
			"to": [9.9, 10.9, 7.4],
			"rotation": {"angle": 0, "axis": "y", "origin": [0, 0, 7.5]},
			"faces": {
				"north": {"uv": [4, 0, 7, 3], "texture": "#1"},
				"east": {"uv": [10, 5, 11, 8], "texture": "#1"},
				"south": {"uv": [4, 3, 7, 6], "texture": "#1"},
				"west": {"uv": [10, 8, 11, 11], "texture": "#1"},
				"up": {"uv": [3, 12, 0, 11], "texture": "#1"},
				"down": {"uv": [14, 0, 11, 1], "texture": "#1"}
			}
		},
		{
			"name": "e_netherite_knife_1_outline",
			"from": [14.1, 14.1, 8.6],
			"to": [12.9, 11.9, 7.4],
			"rotation": {"angle": 0, "axis": "y", "origin": [0, 0, 7.5]},
			"faces": {
				"north": {"uv": [1, 12, 2, 14], "texture": "#1"},
				"east": {"uv": [12, 1, 13, 3], "texture": "#1"},
				"south": {"uv": [2, 12, 3, 14], "texture": "#1"},
				"west": {"uv": [12, 3, 13, 5], "texture": "#1"},
				"up": {"uv": [8, 14, 7, 13], "texture": "#1"},
				"down": {"uv": [14, 9, 13, 10], "texture": "#1"}
			}
		},
		{
			"name": "e_netherite_knife_2_outline",
			"from": [10.1, 13.1, 8.6],
			"to": [7.9, 7.9, 7.4],
			"rotation": {"angle": 0, "axis": "y", "origin": [0, 0, 7.5]},
			"faces": {
				"north": {"uv": [0, 0, 2, 5], "texture": "#1"},
				"east": {"uv": [9, 6, 10, 11], "texture": "#1"},
				"south": {"uv": [2, 0, 4, 5], "texture": "#1"},
				"west": {"uv": [10, 0, 11, 5], "texture": "#1"},
				"up": {"uv": [6, 13, 4, 12], "texture": "#1"},
				"down": {"uv": [14, 5, 12, 6], "texture": "#1"}
			}
		},
		{
			"name": "e_netherite_knife_3_outline",
			"from": [8.1, 12.1, 8.6],
			"to": [6.9, 5.9, 7.4],
			"rotation": {"angle": 0, "axis": "y", "origin": [0, 0, 7.5]},
			"faces": {
				"north": {"uv": [0, 5, 1, 11], "texture": "#1"},
				"east": {"uv": [1, 5, 2, 11], "texture": "#1"},
				"south": {"uv": [2, 5, 3, 11], "texture": "#1"},
				"west": {"uv": [3, 5, 4, 11], "texture": "#1"},
				"up": {"uv": [14, 11, 13, 10], "texture": "#1"},
				"down": {"uv": [12, 13, 11, 14], "texture": "#1"}
			}
		},
		{
			"name": "e_netherite_knife_4_outline",
			"from": [7.1, 11.1, 8.6],
			"to": [5.9, 4.9, 7.4],
			"rotation": {"angle": 0, "axis": "y", "origin": [0, 0, 7.5]},
			"faces": {
				"north": {"uv": [4, 6, 5, 12], "texture": "#1"},
				"east": {"uv": [5, 6, 6, 12], "texture": "#1"},
				"south": {"uv": [6, 6, 7, 12], "texture": "#1"},
				"west": {"uv": [7, 0, 8, 6], "texture": "#1"},
				"up": {"uv": [14, 12, 13, 11], "texture": "#1"},
				"down": {"uv": [13, 13, 12, 14], "texture": "#1"}
			}
		},
		{
			"name": "e_netherite_knife_5_outline",
			"from": [12.1, 11.1, 8.6],
			"to": [9.9, 9.9, 7.4],
			"rotation": {"angle": 0, "axis": "y", "origin": [0, 0, 7.5]},
			"faces": {
				"north": {"uv": [6, 12, 8, 13], "texture": "#1"},
				"east": {"uv": [13, 12, 14, 13], "texture": "#1"},
				"south": {"uv": [12, 6, 14, 7], "texture": "#1"},
				"west": {"uv": [13, 13, 14, 14], "texture": "#1"},
				"up": {"uv": [14, 8, 12, 7], "texture": "#1"},
				"down": {"uv": [14, 8, 12, 9], "texture": "#1"}
			}
		},
		{
			"name": "e_netherite_knife_6_outline",
			"from": [6.1, 10.1, 8.6],
			"to": [4.9, 3.9, 7.4],
			"rotation": {"angle": 0, "axis": "y", "origin": [0, 0, 7.5]},
			"faces": {
				"north": {"uv": [7, 6, 8, 12], "texture": "#1"},
				"east": {"uv": [8, 0, 9, 6], "texture": "#1"},
				"south": {"uv": [8, 6, 9, 12], "texture": "#1"},
				"west": {"uv": [9, 0, 10, 6], "texture": "#1"},
				"up": {"uv": [15, 1, 14, 0], "texture": "#1"},
				"down": {"uv": [2, 14, 1, 15], "texture": "#1"}
			}
		},
		{
			"name": "e_netherite_knife_7_outline",
			"from": [11.1, 10.1, 8.6],
			"to": [9.9, 8.9, 7.4],
			"rotation": {"angle": 0, "axis": "y", "origin": [0, 0, 7.5]},
			"faces": {
				"north": {"uv": [14, 1, 15, 2], "texture": "#1"},
				"east": {"uv": [2, 14, 3, 15], "texture": "#1"},
				"south": {"uv": [14, 2, 15, 3], "texture": "#1"},
				"west": {"uv": [3, 14, 4, 15], "texture": "#1"},
				"up": {"uv": [15, 4, 14, 3], "texture": "#1"},
				"down": {"uv": [15, 4, 14, 5], "texture": "#1"}
			}
		},
		{
			"name": "e_netherite_knife_8_outline",
			"from": [5.1, 9.1, 8.6],
			"to": [3.9, 6.9, 7.4],
			"rotation": {"angle": 0, "axis": "y", "origin": [0, 0, 7.5]},
			"faces": {
				"north": {"uv": [8, 12, 9, 14], "texture": "#1"},
				"east": {"uv": [12, 9, 13, 11], "texture": "#1"},
				"south": {"uv": [12, 11, 13, 13], "texture": "#1"},
				"west": {"uv": [13, 1, 14, 3], "texture": "#1"},
				"up": {"uv": [15, 6, 14, 5], "texture": "#1"},
				"down": {"uv": [15, 6, 14, 7], "texture": "#1"}
			}
		},
		{
			"name": "e_netherite_knife_9_outline",
			"from": [9.1, 8.1, 8.6],
			"to": [7.9, 6.9, 7.4],
			"rotation": {"angle": 0, "axis": "y", "origin": [0, 0, 7.5]},
			"faces": {
				"north": {"uv": [7, 14, 8, 15], "texture": "#1"},
				"east": {"uv": [14, 7, 15, 8], "texture": "#1"},
				"south": {"uv": [8, 14, 9, 15], "texture": "#1"},
				"west": {"uv": [14, 8, 15, 9], "texture": "#1"},
				"up": {"uv": [10, 15, 9, 14], "texture": "#1"},
				"down": {"uv": [15, 9, 14, 10], "texture": "#1"}
			}
		},
		{
			"name": "e_netherite_knife_10_outline",
			"from": [5.1, 6.1, 8.6],
			"to": [3.9, 2.9, 7.4],
			"rotation": {"angle": 0, "axis": "y", "origin": [0, 0, 7.5]},
			"faces": {
				"north": {"uv": [11, 1, 12, 4], "texture": "#1"},
				"east": {"uv": [3, 11, 4, 14], "texture": "#1"},
				"south": {"uv": [11, 4, 12, 7], "texture": "#1"},
				"west": {"uv": [11, 7, 12, 10], "texture": "#1"},
				"up": {"uv": [11, 15, 10, 14], "texture": "#1"},
				"down": {"uv": [15, 10, 14, 11], "texture": "#1"}
			}
		},
		{
			"name": "e_netherite_knife_11_outline",
			"from": [4.1, 5.1, 8.6],
			"to": [2.9, 1.9, 7.4],
			"rotation": {"angle": 0, "axis": "y", "origin": [0, 0, 7.5]},
			"faces": {
				"north": {"uv": [9, 11, 10, 14], "texture": "#1"},
				"east": {"uv": [10, 11, 11, 14], "texture": "#1"},
				"south": {"uv": [11, 10, 12, 13], "texture": "#1"},
				"west": {"uv": [0, 12, 1, 15], "texture": "#1"},
				"up": {"uv": [12, 15, 11, 14], "texture": "#1"},
				"down": {"uv": [15, 11, 14, 12], "texture": "#1"}
			}
		},
		{
			"name": "e_netherite_knife_12_outline",
			"from": [3.1, 4.1, 8.6],
			"to": [1.9, 1.9, 7.4],
			"rotation": {"angle": 0, "axis": "y", "origin": [0, 0, 7.5]},
			"faces": {
				"north": {"uv": [13, 3, 14, 5], "texture": "#1"},
				"east": {"uv": [4, 13, 5, 15], "texture": "#1"},
				"south": {"uv": [5, 13, 6, 15], "texture": "#1"},
				"west": {"uv": [6, 13, 7, 15], "texture": "#1"},
				"up": {"uv": [13, 15, 12, 14], "texture": "#1"},
				"down": {"uv": [15, 12, 14, 13], "texture": "#1"}
			}
		}
	],
	"display": {
		"thirdperson_righthand": {
			"rotation": [0, -90, 55],
			"translation": [0, 4, 0.5],
			"scale": [0.85, 0.85, 0.85]
		},
		"thirdperson_lefthand": {
			"rotation": [0, 90, -55],
			"translation": [0, 4, 0.5],
			"scale": [0.85, 0.85, 0.85]
		},
		"firstperson_righthand": {
			"rotation": [0, -90, 25],
			"translation": [1.13, 3.2, 1.13],
			"scale": [0.68, 0.68, 0.68]
		},
		"firstperson_lefthand": {
			"rotation": [0, 90, -25],
			"translation": [1.13, 3.2, 1.13],
			"scale": [0.68, 0.68, 0.68]
		},
		"ground": {
			"translation": [0, 2, 0],
			"scale": [0.5, 0.5, 0.5]
		},
		"head": {
			"rotation": [0, -180, 0],
			"translation": [0, 13, 7]
		},
		"fixed": {
			"rotation": [0, -180, 0]
		}
	},
	"groups": [
		{
			"name": "e_netherite_knife",
			"origin": [8, 8, 8],
			"color": 0,
			"children": [0, 1, 2, 3, 4, 5, 6, 7, 8, 9, 10, 11, 12]
		},
		13,
		14,
		15,
		16,
		17,
		18,
		19,
		20,
		21,
		22,
		23,
		24,
		25
	]
}